track_name,artist(s)_name,artist_count,released_year,released_month,released_day,in_spotify_playlists,in_spotify_charts,streams,in_apple_playlists,in_apple_charts,in_deezer_playlists,in_deezer_charts,in_shazam_charts,key,mode,danceability_%,valence_%,energy_%,acousticness_%,instrumentalness_%,liveness_%,speechiness_%
Seven (feat. Latto) (Explicit Ver.),"Latto, Jung Kook",2,2023,7,14,553,147,141381703.0,43,263,45,10,826,B,Major,80,89,83,31,0,8,4
LALA,Myke Towers,1,2023,3,23,1474,48,133716286.0,48,126,58,14,382,C#,Major,71,61,74,7,0,10,4
WHERE SHE GOES,Bad Bunny,1,2023,5,18,3133,50,303236322.0,84,133,87,15,425,A,Minor,65,23,80,14,63,11,6
Ella Baila Sola,"Eslabon Armado, Peso Pluma",2,2023,3,16,3090,50,725980112.0,34,222,43,13,418,F,Minor,67,83,76,48,0,8,3
Columbia,Quevedo,1,2023,7,7,714,43,58149378.0,25,89,30,13,194,F,Major,67,26,71,37,0,11,4
Super Shy,NewJeans,1,2023,7,7,422,55,58255150.0,37,202,21,5,168,F,Minor,78,52,82,18,0,15,7
Kill Bill,SZA,1,2022,12,8,8109,77,1163093654.0,183,162,161,12,187,G#,Major,64,43,73,5,17,16,4
Like Crazy,Jimin,1,2023,3,24,596,68,363369738.0,8,104,23,2,29,G,Major,63,36,73,0,0,36,4
LADY GAGA,"Gabito Ballesteros, Junior H, Peso Pluma",3,2023,6,22,332,26,86444842.0,11,163,10,4,0,F,Minor,65,87,74,22,0,42,4
I Can See You (Taylorï¿½ï¿½ï¿½s Version) (From The ,Taylor Swift,1,2023,7,7,516,38,52135248.0,73,119,42,1,150,F#,Major,69,82,76,6,0,6,3
"Peso Pluma: Bzrp Music Sessions, Vol. 55","Bizarrap, Peso Pluma",2,2023,5,31,1313,40,200647221.0,17,152,32,11,139,F,Minor,85,81,67,26,0,12,5
SABOR FRESA,Fuerza Regida,1,2023,6,22,250,26,78300654.0,16,149,10,5,168,G,Minor,79,96,86,9,0,9,9
MOJABI GHOST,"Tainy, Bad Bunny",2,2023,6,29,859,40,61245289.0,35,109,41,14,211,F#,Minor,81,74,71,14,0,56,4
Dance The Night (From Barbie The Album),Dua Lipa,1,2023,5,25,2988,101,127408954.0,0,0,143,38,0,B,Minor,67,78,85,2,0,33,5
TULUM,"Peso Pluma, Grupo Frontera",2,2023,6,28,266,34,52294266.0,20,185,13,8,197,F#,Major,56,63,87,39,0,11,5
Frï¿½ï¿½gil (feat. Grupo Front,"Yahritza Y Su Esencia, Grupo Frontera",2,2023,4,7,672,34,188933502.0,19,108,24,9,212,F#,Major,61,39,73,37,0,11,3
Blank Space,Taylor Swift,1,2014,1,1,11434,53,1355959075.0,154,123,410,2,81,F,Major,75,57,68,9,0,13,6
TQM,Fuerza Regida,1,2023,5,19,584,28,176553476.0,16,159,15,6,100,F,Minor,79,96,85,27,0,11,6
Sunflower - Spider-Man: Into the Spider-Verse,"Post Malone, Swae Lee",2,2018,10,9,24094,78,2808096550.0,372,117,843,4,69,D,Major,76,91,50,54,0,7,5
Angels Like You,Miley Cyrus,1,2020,11,27,3372,19,570515054.0,65,48,138,1,102,F,Major,67,49,64,10,0,10,3
Baby Don't Hurt Me,"David Guetta, Anne-Marie, Coi Leray",3,2023,4,6,4277,66,177740666.0,145,111,213,11,810,G,Major,60,23,91,0,0,12,3
AMARGURA,Karol G,1,2023,2,24,1133,39,153372011.0,14,71,23,10,176,F#,Minor,92,55,70,18,0,15,7
Moonlight,Kali Uchis,1,2023,2,24,2649,42,256483385.0,67,79,57,1,615,G,Minor,64,88,72,51,0,17,5
La Bachata,Manuel Turizo,1,2022,5,26,6804,45,1214083358.0,139,111,161,15,210,G,Minor,84,85,68,58,0,22,4
Karma,Taylor Swift,1,2022,10,21,3818,23,404562836.0,37,55,32,0,272,G#,Major,64,10,62,7,0,48,7
BABY HELLO,"Rauw Alejandro, Bizarrap",2,2023,6,23,1004,35,54266102.0,42,80,58,3,169,C#,Minor,77,84,89,17,0,43,5
golden hour,JVKE,1,2022,7,15,4511,36,751134527.0,70,58,109,18,230,C#,Minor,51,14,59,65,18,25,3
Viva La Vida,Coldplay,1,2008,1,1,33898,62,1592909789.0,233,0,"4,095",9,0,F,Minor,49,42,62,9,0,11,3
Unholy (feat. Kim Petras),"Sam Smith, Kim Petras",2,2022,9,22,8576,42,1230675890.0,216,108,331,26,154,D,Major,71,24,47,1,0,27,9
CORAZï¿½ï¿½N VA,Maria Becerra,1,2023,6,22,370,20,43857627.0,12,16,18,4,93,C#,Major,68,40,79,33,0,30,6
Riptide,Vance Joy,1,1975,1,1,31123,55,2009094673.0,300,65,"1,003",1,0,C#,Major,48,50,73,43,0,15,4
Until I Found You (with Em Beihold) - Em Beihold Version,"Em Beihold, Stephen Sanchez",2,2022,4,22,2790,30,600976848.0,60,96,71,0,115,A#,Major,34,32,57,78,0,20,3
STAY (with Justin Bieber),"Justin Bieber, The Kid Laroi",2,2021,7,9,17050,36,2665343922.0,492,99,798,31,0,C#,Major,59,48,76,4,0,10,5
El Merengue,"Marshmello, Manuel Turizo",2,2023,3,3,2114,44,223633238.0,80,75,110,11,323,G#,Minor,78,70,68,3,1,11,4
Me Porto Bonito,"Chencho Corleone, Bad Bunny",2,2022,5,6,8870,43,1440757818.0,104,120,141,26,49,C#,Minor,91,43,71,9,0,9,8
Fast Car,Luke Combs,1,2023,3,24,1446,12,157058870.0,57,97,35,0,429,G#,Major,71,67,60,19,0,12,3
What It Is (Solo Version),Doechii,1,2023,3,17,804,25,95131998.0,29,76,24,0,162,C#,Minor,74,76,76,6,0,10,9
Coco Chanel,"Bad Bunny, Eladio Carrion",2,2023,3,17,1962,38,250305248.0,28,89,29,5,82,D,Major,68,14,76,4,0,10,4
Donï¿½ï¿½ï¿½t Bl,Taylor Swift,1,2017,11,8,4875,23,685032533.0,19,45,0,0,10,A,Minor,62,19,53,11,0,6,4
All My Life (feat. J. Cole),"J. Cole, Lil Durk",2,2023,5,12,2175,23,144565150.0,69,145,69,2,478,D#,Major,83,69,44,15,0,10,33
Summertime Sadness,Lana Del Rey,1,2011,1,1,20333,52,983637508.0,89,143,"1,632",3,200,C#,Minor,56,24,66,7,0,12,3
Take Two,BTS,1,2023,6,9,674,47,118482347.0,20,106,25,4,78,G,Major,62,57,59,3,0,38,3
Too Many Nights (feat. Don Toliver & with Future),"Future, Metro Boomin, Don Toliver",3,2022,12,2,2110,58,286400165.0,17,119,19,2,266,G,Minor,68,17,71,15,0,11,5
Chemical,Post Malone,1,2023,4,14,2528,39,172825906.0,56,91,59,3,486,D,Major,50,37,90,0,0,12,5
New Jeans,NewJeans,1,2023,7,7,77,35,29562220.0,8,166,4,4,34,E,Minor,81,53,72,51,0,12,5
Dandelions,Ruth B.,1,2017,4,28,3423,21,1116995633.0,41,100,59,1,32,C#,Major,61,45,69,2,0,9,3
Bones,Imagine Dragons,1,2021,3,11,4198,44,838079900.0,98,108,327,17,153,F,Minor,77,65,72,2,0,7,5
Money Trees,"Kendrick Lamar, Jay Rock",2,2012,1,1,26792,32,1093605526.0,69,113,695,0,458,E,Minor,74,37,53,7,0,21,10
No Role Modelz,J. Cole,1,2014,12,9,21164,36,1791000570.0,80,65,476,0,14,A#,Minor,70,47,52,30,0,6,33
Rara Vez,"Taiu, Milo j",2,2023,2,8,893,38,248088961.0,19,23,24,3,88,F,Minor,84,96,71,18,0,34,17
august,Taylor Swift,1,2020,7,24,7324,22,607123776.0,25,81,61,1,44,F,Major,51,42,61,53,0,9,3
LUNA,"Junior H, Peso Pluma",2,2023,6,22,201,11,55842345.0,19,117,8,1,74,A,Minor,75,79,63,33,0,15,4
Que Vuelvas,"Carin Leon, Grupo Frontera",2,2022,12,9,763,26,2762.0,21,110,21,9,71,A#,Major,49,78,64,19,0,11,4
Feliz Cumpleaï¿½ï¿½os Fe,Feid,1,2022,8,19,3430,38,601863821.0,45,69,52,4,3,F,Major,87,57,55,10,0,29,7
lovely - Bonus Track,"Billie Eilish, Khalid",2,2017,8,11,15032,30,2355719893.0,221,96,"1,078",2,136,E,Minor,35,12,30,93,0,10,3
"Rauw Alejandro: Bzrp Music Sessions, Vol. 56","Rauw Alejandro, Bizarrap",2,2023,6,21,871,32,66902503.0,25,59,32,5,88,B,Major,78,59,65,10,0,26,5
Queencard,(G)I-DLE,1,2023,5,15,451,33,96273746.0,10,126,7,0,148,E,Minor,82,69,83,3,0,27,5
"Shakira: Bzrp Music Sessions, Vol. 53","Shakira, Bizarrap",2,2023,1,11,5724,44,721975598.0,119,108,254,29,22,D,Minor,78,50,63,27,0,9,5
"Tere Vaaste (From ""Zara Hatke Zara Bachke"")","Sachin-Jigar, Shadab Faridi, Altamash Faridi, Amitabh Bhattacharya, Varun Jain",5,2023,5,22,182,8,54225632.0,3,88,1,0,52,G,Minor,76,96,72,32,0,9,4
Perfect,Ed Sheeran,1,2017,1,1,16596,13,2559529074.0,7,0,"2,094",0,0,G#,Major,60,17,45,16,0,11,2
Believer,Imagine Dragons,1,2017,1,31,18986,23,2594040133.0,250,121,"2,969",10,31,A#,Minor,77,74,78,4,0,23,11
Novo Balanï¿½,"Veigh, Bvga Beatz, Supernova Ent, Prod Malax",4,2023,5,19,283,7,81102253.0,6,9,26,1,66,D#,Minor,84,65,50,67,0,13,6
"Gol Bolinha, Gol Quadrado 2","Mc Pedrinho, DJ 900",2,2023,6,1,293,8,11956641.0,5,2,30,2,66,B,Minor,93,68,65,42,0,12,25
Without Me,Eminem,1,2002,1,1,21081,43,1687664027.0,98,76,"3,889",5,0,G,Major,92,67,66,0,0,36,9
Somewhere Only We Know,Keane,1,2004,1,1,20015,16,1089402494.0,107,69,"5,239",0,558,A,Major,45,33,59,6,0,8,3
Mi Bello Angel,Natanael Cano,1,2023,6,30,86,8,31873544.0,7,76,3,1,93,A,Minor,81,90,77,1,0,9,5
Un Finde | CROSSOVER #2,"Big One, FMK, Ke personajes",3,2023,4,4,561,14,142095275.0,4,14,12,5,56,B,Major,50,85,52,11,0,28,6
Counting Stars,OneRepublic,1,2013,1,1,29215,43,2011464183.0,179,97,"3,394",11,153,C#,Minor,66,48,71,6,0,12,4
PRC,"Natanael Cano, Peso Pluma",2,2023,1,23,961,26,436027885.0,19,143,10,6,15,G,Minor,78,89,83,10,0,12,5
The Night We Met,Lord Huron,1,2015,2,2,18515,35,1410088830.0,70,82,939,1,162,D,Major,45,10,37,97,25,64,4
We Found Love,"Rihanna, Calvin Harris",2,2011,1,1,36843,21,1235005533.0,321,91,"4,607",1,58,C#,Major,73,60,77,3,0,11,4
Shake It Off,Taylor Swift,1,2014,1,1,21335,13,1113838873.0,328,70,"1,378",9,20,G,Major,65,95,80,5,0,41,16
Creep,Radiohead,1,1992,9,21,36724,7,1271293243.0,146,72,"6,807",5,80,G,Major,53,12,34,1,0,12,4
Car's Outside,James Arthur,1,2019,10,18,794,10,265882712.0,38,25,61,0,263,A,Major,34,24,56,4,0,11,3
Cheques,Shubh,1,2023,5,19,67,8,47956378.0,7,10,0,0,57,E,Minor,74,36,63,26,0,27,5
Just The Way You Are,Bruno Mars,1,2010,1,1,21106,13,1641426668.0,82,0,"2,946",0,0,F,Major,63,46,85,1,0,9,5
Take Me To Church,Hozier,1,2013,9,13,23804,31,2135158446.0,187,99,"4,623",1,0,E,Minor,57,41,66,63,0,12,5
Titi Me Preguntï¿,Bad Bunny,1,2022,5,6,9037,42,1264310836.0,124,133,139,14,166,F,Minor,65,19,72,10,0,13,25
Shut up My Moms Calling,Hotel Ugly,1,2020,2,10,1788,14,405136812.0,1,50,19,0,19,A,Minor,48,37,41,32,0,10,10
Ditto,NewJeans,1,2022,12,19,1154,22,397582059.0,28,125,11,1,51,F#,Minor,81,18,64,3,0,10,11
Take On Me,a-ha,1,1984,10,19,44927,17,1479115056.0,34,0,"5,108",6,0,F#,Minor,57,86,90,2,0,9,5
"Angel Pt 1 (feat. Jimin of BTS, JVKE & Muni Long)","Kodak Black, NLE Choppa, Muni Long, JVKE, Jimin",5,2023,5,1,577,14,133753727.0,22,18,15,1,0,A#,Minor,53,24,67,11,0,10,28
Acrï¿½ï¿½s,Shakira,1,2023,5,11,955,29,123124076.0,37,50,79,11,31,B,Major,75,35,48,84,0,10,12
AMG,"Natanael Cano, Gabito Ballesteros, Peso Pluma",3,2022,11,24,995,19,463564958.0,12,117,9,5,3,B,Minor,77,79,73,15,0,27,10
S-Class,Stray Kids,1,2023,6,2,290,19,65496046.0,9,101,5,0,73,F,Minor,89,67,78,9,0,7,33
Hits Different,Taylor Swift,1,2023,5,26,547,0,68616963.0,15,15,6,0,0,F,Major,67,24,78,15,0,30,4
Chanel,"Becky G, Peso Pluma",2,2023,3,30,681,10,161460990.0,15,92,21,2,26,D,Major,85,53,68,40,0,9,4
Area Codes,"Kaliii, Kaliii",2,2023,3,17,1197,13,113509496.0,44,34,25,1,171,C#,Major,82,51,39,2,0,9,49
Abcdario,"Junior H, Eden Muï¿½ï",2,2023,5,13,262,5,89933133.0,8,60,4,1,109,G#,Major,70,42,43,78,0,11,3
Obsessed,"Abhijay Sharma, Riar Saab",2,2022,9,29,161,6,71007139.0,10,79,2,0,42,F,Minor,80,85,74,62,0,8,9
Piï¿½ï¿½man Deï¿,"Semicenk, Doï¿½ï¿½u ",2,2023,6,2,185,3,43522589.0,5,6,4,1,33,A#,Minor,73,45,62,28,0,13,13
FLOWER,JISOO,1,2023,3,31,839,18,232896922.0,20,110,20,0,69,A,Minor,84,64,39,3,0,11,4
Eyes Closed,Ed Sheeran,1,2023,3,23,2915,30,195576623.0,116,69,107,3,675,D,Major,78,39,53,30,0,11,6
La Jumpa,"Arcangel, Bad Bunny",2,2022,11,30,3794,34,538115192.0,47,77,53,10,8,G#,Major,71,58,70,30,0,32,19
Superhero (Heroes & Villains) [with Future & Chris Brown],"Future, Chris Brown, Metro Boomin",3,2022,12,2,2959,16,401036314.0,41,69,38,0,36,F,Minor,72,45,59,14,0,20,21
Ch y la Pizza,"Fuerza Regida, Natanael Cano",2,2022,12,1,536,10,288101651.0,10,72,8,3,14,G#,Major,66,85,60,40,0,14,13
Snow On The Beach (feat. More Lana Del Rey),"Lana Del Rey, Taylor Swift",2,2023,5,26,359,2,60350538.0,1,0,9,0,0,F#,Minor,66,32,40,81,0,11,3
Normal,Feid,1,2022,7,8,2461,36,459276435.0,47,66,45,5,6,E,Minor,71,59,56,4,0,27,12
Seu Brilho Sumiu - Ao Vivo,"Israel & Rodolffo, Mari Fernandez",2,2023,3,1,967,5,138517666.0,7,29,51,1,29,F#,Major,63,75,92,31,0,91,5
Search & Rescue,Drake,1,2023,4,7,2066,6,175097833.0,58,70,43,0,182,A#,Minor,82,54,44,6,0,33,7
AMERICA HAS A PROBLEM (feat. Kendrick Lamar),"Kendrick Lamar, Beyoncï¿",2,2023,5,19,896,0,57089066.0,34,2,33,0,1,C#,Major,78,20,70,1,0,16,4
Just Wanna Rock,Lil Uzi Vert,1,2022,10,17,3995,13,457184829.0,72,27,47,0,0,B,Major,49,4,55,7,0,6,3
Easy On Me,Adele,1,2021,10,14,10195,20,1406111294.0,258,87,657,22,9,F,Major,60,13,37,58,0,13,3
Cartï¿½ï¿½o B,"MC Caverinha, KayBlack",2,2023,5,11,269,4,71573339.0,7,2,30,1,11,A,Minor,84,55,47,26,0,20,64
Danger (Spider) (Offset & JID),"Offset, JID",2,2023,6,2,214,0,24975653.0,3,3,6,0,0,B,Major,83,25,69,4,0,23,12
Oi Balde - Ao Vivo,Zï¿½ï¿½ Neto & Crist,1,2023,2,14,845,2,145458418.0,12,57,47,1,33,D,Major,67,55,67,60,0,80,5
MERCHO,"Migrantes, LiL CaKe, Nico Valdi",3,2022,12,16,1267,20,231332117.0,41,22,56,4,84,F#,Minor,84,96,79,43,0,18,11
The Color Violet,Tory Lanez,1,2021,12,10,2585,32,415932686.0,3,79,21,1,54,F#,Minor,65,46,53,16,0,9,5
Glimpse of Us,Joji,1,2022,6,10,6330,6,988515741.0,109,42,158,3,31,G#,Major,44,27,32,89,0,14,5
Mejor Que Yo,"Mambo Kingz, DJ Luian, Anuel Aa",3,2023,5,4,675,1,50847624.0,9,13,11,0,1,C#,Minor,62,56,66,18,0,12,5
Curtains,Ed Sheeran,1,2023,5,5,715,0,39893489.0,37,3,27,0,50,F#,Minor,50,44,76,10,0,32,5
Conexï¿½ï¿½es de Mï¿½ï¿½fia (feat. Rich ,"Rich The Kid, Matuï¿",2,2023,4,30,385,4,77233241.0,17,7,41,1,29,F#,Minor,77,69,58,39,0,26,5
Never Felt So Alone,Labrinth,1,2023,4,7,1730,3,117747907.0,46,5,51,0,20,F,Major,44,36,41,50,0,38,5
ceilings,Lizzy McAlpine,1,2022,4,8,3242,9,293186992.0,67,55,48,0,6,A,Major,51,27,33,48,0,22,3
I AM,IVE,1,2023,4,10,366,15,123132751.0,16,102,7,0,55,E,Minor,68,38,88,1,0,8,5
Cupid ï¿½ï¿½ï¿½ Twin Ver. (FIFTY FIFTY) ï¿½ï¿½ï¿½ Spe,sped up 8282,1,1997,1,1,472,2,103762518.0,0,0,6,0,0,F,Major,74,75,73,42,0,9,4
Shorty Party,"Cartel De Santa, La Kelly",2,2023,3,4,432,12,162887075.0,8,14,12,2,33,D,Major,93,47,47,33,0,10,36
All Of The Girls You Loved Before,Taylor Swift,1,2019,8,23,1282,6,185240616.0,26,6,19,0,5,D,Major,72,40,47,71,0,13,4
PROVENZA,Karol G,1,2022,4,21,6587,34,885093467.0,114,104,147,11,20,C#,Major,87,53,52,66,1,11,5
Princess Diana (with Nicki Minaj),"Nicki Minaj, Ice Spice",2,2023,4,14,1444,4,104992946.0,0,0,0,0,0,A,Major,90,74,68,14,0,10,19
Di Que Si,"Grupo Marca Registrada, Grupo Frontera",2,2023,2,3,356,10,147290338.0,4,64,4,2,37,A,Major,57,80,59,8,0,6,5
Igualito a Mi Apï¿,"Fuerza Regida, Peso Pluma",2,2022,12,30,265,6,158950978.0,8,84,5,1,4,E,Minor,76,80,81,19,0,6,9
Made You Look,Meghan Trainor,1,2022,10,21,3956,6,502574952.0,142,23,127,3,16,A#,Major,84,88,53,35,0,8,7
Punto G,Quevedo,1,2022,11,4,1985,35,381161027.0,34,26,37,5,1,B,Minor,75,55,76,25,0,10,15
I Was Never There,"The Weeknd, Gesaffelstein",2,2018,3,29,4188,15,705469769.0,30,70,142,0,27,A#,Major,32,17,74,14,0,17,3
Call Out My Name,The Weeknd,1,2018,3,29,11087,6,1449799467.0,151,107,801,1,105,C#,Major,45,17,60,21,0,33,4
Like Crazy (English Version),Jimin,1,2023,3,24,373,19,173627354.0,4,72,5,0,5,G,Major,62,32,76,0,0,39,4
Sunroof,"Nicky Youre, Dazy",2,2021,12,3,3741,17,652704649.0,156,35,110,19,0,A#,Major,77,84,71,35,0,15,4
Lose Yourself - Soundtrack Version,Eminem,1,2002,1,1,32502,21,1829992958.0,247,54,"5,567",1,51,D,Major,70,6,73,1,0,36,26
People Pt.2 (feat. IU),"IU, Agust D",2,2023,4,7,209,4,95816024.0,4,45,11,2,24,G,Minor,73,44,57,39,0,32,6
REMIX EXCLUSIVO,Feid,1,2023,3,17,1235,9,117206995.0,20,8,15,0,6,F,Minor,65,71,56,4,0,15,20
"Arcï¿½ï¿½ngel: Bzrp Music Sessions, Vol","Arcangel, Bizarrap",2,2023,3,22,654,3,100409613.0,11,3,18,1,1,B,Minor,72,79,78,55,0,15,30
DOGTOOTH,"Tyler, The Creator",2,2023,3,27,1479,0,80758350.0,23,0,18,0,33,G#,Major,71,80,65,51,0,22,32
10:35,"Tiï¿½ï¿½sto, Tate M",2,2022,11,1,4942,26,325592432.0,190,104,147,18,63,G#,Major,70,70,79,7,0,18,10
HAPPY,NF,1,2023,3,25,660,0,52722996.0,22,7,11,0,78,G,Major,73,22,86,31,0,12,4
Late Night Talking,Harry Styles,1,2022,5,20,7461,8,743693613.0,166,42,199,16,58,A#,Major,71,90,73,30,0,11,5
Leï¿½,Marï¿½ï¿½lia Mendo,1,2022,12,9,993,4,267789608.0,30,84,88,1,28,F#,Major,74,79,87,45,0,30,3
Dijeron Que No La Iba Lograr,"Fuerza Regida, Chino Pacas",2,2023,3,14,320,6,116334601.0,5,48,2,1,9,G,Minor,70,76,79,26,0,11,7
If We Ever Broke Up,Mae Stephens,1,2023,2,10,2040,4,165584767.0,81,27,66,9,444,G,Major,90,96,73,62,0,9,4
LA INOCENTE,"Feid, Mora",2,2022,4,1,2598,37,477033549.0,28,57,43,8,85,F,Minor,76,46,79,31,0,7,6
Murder In My Mind,Kordhell,1,2022,1,21,2459,20,448843705.0,20,68,50,0,22,A#,Major,71,57,97,1,0,13,11
CAIRO,"Karol G, Ovy On The Drums",2,2022,11,13,2418,26,294352144.0,52,66,55,1,16,F,Minor,95,43,69,47,0,9,31
I Love You So,The Walters,1,2014,11,28,7536,7,972164968.0,44,19,135,0,6,A#,Major,58,46,67,65,0,13,4
Dark Red,Steve Lacy,1,2017,2,20,10431,7,920045682.0,71,53,181,0,10,F#,Major,60,77,78,45,0,12,6
Peaches (from The Super Mario Bros. Movie),Jack Black,1,2023,4,7,34,0,68216992.0,0,0,0,0,0,A#,Minor,71,41,31,79,0,10,5
LOKERA,"Brray, Rauw Alejandro, Lyanno",3,2022,7,25,3301,30,471819764.0,72,64,64,6,3,B,Minor,83,58,83,21,0,10,5
Numb,Linkin Park,1,2003,3,24,20111,5,1361425037.0,39,0,"7,341",0,0,A,Major,50,24,86,0,0,64,4
One Thing At A Time,Morgan Wallen,1,2022,12,2,811,4,148469433.0,11,58,5,0,21,G,Major,61,92,91,0,0,26,3
Miss You,"Robin Schulz, Oliver Tree",2,2022,8,5,5730,10,497225336.0,108,16,197,3,165,F#,Minor,59,20,74,1,0,15,5
Private Landing (feat. Justin Bieber & Future),"Don Toliver, Future, Justin Bieber",3,2023,2,23,1190,0,105062254.0,29,3,18,0,19,C#,Minor,84,44,67,8,0,11,6
Everything I Love,Morgan Wallen,1,2023,1,31,579,0,95623148.0,11,54,0,0,103,G#,Major,56,72,85,0,0,15,3
Heaven,Niall Horan,1,2023,2,17,1553,2,144584800.0,61,6,48,0,150,F,Major,57,68,76,7,0,33,3
LET GO,Central Cee,1,2022,12,15,2301,20,298063749.0,49,23,110,0,8,D,Minor,74,51,45,86,0,21,38
Red Ruby Da Sleeze,Nicki Minaj,1,2023,3,3,1168,0,81419389.0,45,11,20,0,21,C#,Major,70,29,73,12,0,11,26
Hype Boy,NewJeans,1,2022,8,1,892,17,363472647.0,20,119,12,2,7,E,Minor,59,78,94,27,0,29,23
Bloody Mary,Lady Gaga,1,2011,1,1,3909,0,372476382.0,66,26,277,3,734,A,Minor,59,49,65,2,0,13,3
ýýý98 Braves,Morgan Wallen,1,2023,3,3,282,0,56533272.0,6,15,0,0,0,D,Major,49,48,67,10,0,26,3
In The End,Linkin Park,1,2000,10,24,25065,6,1624165576.0,63,0,"6,808",2,0,D#,Minor,55,40,90,1,0,32,6
Lovezinho,Treyce,1,2022,7,28,242,0,70069745.0,12,2,13,0,4,E,Minor,82,61,59,30,0,12,4
Sem Alianï¿½ï¿½a no ,"MC Xenon, Os Gemeos da Putaria",2,2022,12,23,454,4,93587665.0,6,1,21,0,1,C#,Major,53,40,36,73,0,11,33
Enemy (with JID) - from the series Arcane League of Legends,"Imagine Dragons, League of Legends, JID, Arcane",4,2021,9,3,6180,7,1223481149.0,122,88,580,21,10,B,Minor,72,59,76,24,0,42,28
Revenge,XXXTENTACION,1,2017,8,25,3600,11,1022258230.0,7,0,203,0,2,B,Minor,75,18,25,78,0,11,26
LA CANCIï¿½,"J Balvin, Bad Bunny",2,2019,6,28,6398,31,1435127549.0,177,109,305,3,5,G,Major,75,43,65,15,0,11,32
About Damn Time,Lizzo,1,2022,7,15,2332,2,723894473.0,0,0,25,0,0,A#,Minor,84,72,74,10,0,34,7
ýýýýýýýýýýýýýýýýýýýýý,Fujii Kaze,1,2020,5,20,685,14,403097450.0,24,94,9,0,23,F#,Minor,60,52,76,17,0,19,5
Besos Moja2,"Wisin & Yandel, ROSALï¿½",2,2022,9,29,2460,13,309483971.0,53,7,56,3,1,F,Minor,74,64,73,6,0,10,6
My Universe,"Coldplay, BTS",2,2021,9,24,6127,13,1061966512.0,0,0,0,0,0,A,Major,58,42,68,1,0,14,4
LLYLM,ROSALï¿½,1,2023,1,27,1838,0,124988687.0,105,41,114,1,59,F#,Minor,56,56,63,13,0,19,27
ANTIFRAGILE,LE SSERAFIM,1,2022,10,17,761,12,301051721.0,23,95,11,0,3,A#,Minor,88,82,80,8,0,11,8
Boy's a liar,PinkPantheress,1,2022,11,30,1225,0,156338624.0,27,0,28,13,0,F,Major,66,74,84,25,0,21,4
Shirt,SZA,1,2022,10,28,3469,0,309653982.0,71,95,31,0,2,D#,Minor,82,55,45,15,3,9,10
Lift Me Up - From Black Panther: Wakanda Forever - Music From and Inspired By,Rihanna,1,2022,10,28,3311,0,297328960.0,129,31,212,1,41,A,Major,25,17,30,90,0,13,3
"Sex, Drugs, Etc.",Beach Weather,1,2016,11,4,3006,16,480507035.0,47,60,87,12,124,E,Minor,57,47,84,1,1,52,4
Boy With Luv (feat. Halsey),"Halsey, BTS",2,2019,4,12,4260,0,1065580332.0,113,92,259,0,1,B,Minor,65,80,86,9,0,19,10
"Hey, Mickey!",Baby Tate,1,2016,9,27,482,0,122763672.0,9,1,12,4,3,D,Major,92,73,51,55,0,15,6
Jhoome Jo Pathaan,"Arijit Singh, Vishal Dadlani, Sukriti Kakar, Vishal-Shekhar, Shekhar Ravjiani, Kumaar",6,2022,12,22,138,4,1365184.0,13,78,2,0,0,G,Major,82,62,74,10,0,33,7
Escapism. - Sped Up,"RAYE, 070 Shake",2,2022,11,25,1368,0,184308753.0,12,1,11,0,8,F#,Minor,44,38,77,9,0,9,20
Muï¿½ï¿½,"Steve Aoki, Tini, La Joaqui",3,2023,1,12,658,6,120972253.0,33,7,53,2,0,A#,Minor,68,83,71,3,0,31,8
TV,Billie Eilish,1,2022,7,21,3009,2,338564981.0,68,89,65,0,25,E,Minor,41,9,25,84,1,14,4
I'm Not The Only One,Sam Smith,1,2014,1,1,17492,3,1606986953.0,136,24,"1,959",0,30,F,Major,68,50,49,56,0,8,4
Sugar Rush Ride,TOMORROW X TOGETHER,1,2023,1,27,359,0,107642809.0,12,56,13,0,13,A#,Minor,71,83,89,1,0,17,9
WAIT FOR U (feat. Drake & Tems),"Drake, Future, Tems",3,2022,4,27,5491,14,556585270.0,128,84,75,0,35,C#,Major,46,34,64,31,0,7,34
Don't Start Now,Dua Lipa,1,2019,10,31,27119,0,2303033973.0,532,77,"1,535",3,8,B,Minor,79,68,79,1,0,10,8
MIDDLE OF THE NIGHT,Elley Duhï¿,1,2020,1,10,4057,8,872137015.0,78,21,240,1,52,E,Minor,41,9,61,2,0,12,5
Atlantis,Seafret,1,2015,4,22,3045,6,571386359.0,43,53,134,1,32,G#,Minor,40,23,48,5,0,12,3
How Do I Say Goodbye,Dean Lewis,1,2022,8,5,2163,15,284785823.0,72,97,58,0,154,G#,Major,40,39,64,21,0,7,7
Die For You,Joji,1,2022,11,4,1703,0,246390068.0,38,45,36,16,0,G#,Major,47,15,52,38,13,29,5
Doja,Central Cee,1,2022,7,20,4169,44,482257456.0,57,44,183,1,11,F#,Major,91,97,57,38,0,40,29
Rumble,"Skrillex, Flowdan, Fred again..",3,2022,1,17,2849,0,78489819.0,39,45,27,0,1,C#,Minor,81,6,84,5,23,6,6
Niagara Falls (Foot or 2) [with Travis Scott & 21 Savage],"Travis Scott, 21 Savage, Metro Boomin",3,2022,12,2,1602,0,195516622.0,12,22,12,0,2,G,Minor,49,24,66,19,0,18,29
Yonaguni,Bad Bunny,1,2021,6,4,9644,28,1260594497.0,120,86,164,4,0,C#,Major,64,44,65,28,0,14,12
Running Up That Hill (A Deal With God),Kate Bush,1,1985,9,16,21811,0,1024858327.0,117,1,676,3,0,A#,Minor,63,20,55,72,0,6,6
WORTH NOTHING,"Twisted, Oliver Tree",2,2022,9,28,1612,0,213438580.0,34,54,34,0,2,D,Minor,58,17,62,18,0,20,8
KICK BACK,Kenshi Yonezu,1,2022,10,12,574,4,210038833.0,38,101,26,0,0,C#,Major,58,29,94,0,0,9,11
Evergreen (You Didnï¿½ï¿½ï¿½t Deserve Me A,Omar Apollo,1,2022,4,8,2499,0,227918678.0,70,0,49,0,0,A,Major,70,31,34,60,1,11,4
Levitating (feat. DaBaby),"Dua Lipa, DaBaby",2,2020,3,27,15894,8,1802514301.0,198,13,544,0,60,F#,Minor,70,92,83,1,0,7,6
Shut up My Moms Calling - (Sped Up),Hotel Ugly,1,2022,9,14,713,7,181831132.0,2,4,6,0,0,F,Minor,65,36,47,31,0,12,10
Ferrari,"James Hype, Miggy Dela Rosa",2,2022,3,14,7758,28,462791599.0,173,79,175,0,168,C#,Minor,84,70,69,1,0,5,5
"You're On Your Own, Kid",Taylor Swift,1,2022,10,21,2537,2,348647203.0,8,18,20,0,1,D,Major,69,40,39,41,0,13,6
It's Beginning To Look A Lot Like Christmas,Michael Bublï¿,1,2011,10,14,12353,0,807561936.0,35,0,549,0,0,E,Major,35,38,23,91,0,29,3
Let It Snow! Let It Snow! Let It Snow!,Dean Martin,1,1959,11,16,6512,0,446390129.0,88,1,277,0,0,C#,Major,45,72,24,91,0,18,4
Sleigh Ride,The Ronettes,1,1963,11,22,10114,0,404664135.0,114,74,262,0,0,D,Major,53,84,77,40,0,32,3
Used (feat. Don Toliver),"SZA, Don Toliver",2,2022,12,8,1042,0,94005786.0,7,29,3,0,0,A#,Minor,73,71,69,53,0,32,9
Wonderful Christmastime - Edited Version / Remastered 2011,Paul McCartney,1,1979,11,16,1685,0,403939487.0,1,0,29,0,0,B,Major,75,74,58,36,0,9,3
SOS,SZA,1,2022,12,9,827,0,73981293.0,6,18,1,0,0,G,Minor,51,51,66,67,0,9,23
F2F,SZA,1,2022,12,9,989,0,67540165.0,5,9,1,0,0,D,Major,53,47,74,9,0,34,4
I Hate U,SZA,1,2021,12,3,4094,0,356709897.0,66,96,43,0,0,G,Minor,54,41,39,51,0,11,16
Raindrops (Insane) [with Travis Scott],"Travis Scott, Metro Boomin",2,2022,12,2,880,0,110649992.0,3,7,10,0,0,G#,Major,80,15,54,9,0,38,5
Deck The Hall - Remastered 1999,Nat King Cole,1,1959,1,1,3299,0,127027715.0,65,39,41,0,0,F#,Minor,69,96,36,81,0,8,4
Conceited,SZA,1,2022,12,9,899,0,56870689.0,2,14,2,0,0,C#,Major,79,77,46,5,0,11,7
Maroon,Taylor Swift,1,2022,10,21,2304,0,317726339.0,12,16,14,0,0,G,Major,64,4,40,6,0,10,6
Tubarï¿½ï¿½o Te,"Dj LK da Escï¿½ï¿½cia, Tchakabum, mc jhenny, M",4,2022,9,28,1003,0,116144341.0,21,0,44,0,0,E,Minor,89,48,74,30,0,7,36
Tarot,"Bad Bunny, Jhay Cortez",2,2022,5,6,2482,20,608228647.0,27,77,22,2,0,B,Minor,80,42,68,2,0,66,4
Party,"Bad Bunny, Rauw Alejandro",2,2022,5,6,3185,4,614555082.0,38,64,37,3,36,A,Major,83,47,80,2,0,24,9
On Time (with John Legend),"John Legend, Metro Boomin",2,2022,12,2,398,0,78139948.0,2,2,6,0,2,F,Minor,33,51,59,76,0,44,6
Is There Someone Else?,The Weeknd,1,2022,1,7,2881,6,391251368.0,13,89,34,0,3,A,Minor,70,60,58,4,0,16,3
Do It To It,"Cherish, ACRAZE",2,2021,8,20,12403,0,674772936.0,183,63,465,0,11,B,Minor,85,64,81,2,5,7,9
How Do I Make You Love Me?,The Weeknd,1,2022,1,7,1915,0,119238316.0,7,47,15,0,0,G,Minor,80,62,51,2,0,9,8
Gasoline,The Weeknd,1,2022,1,7,2297,0,116903579.0,11,29,14,0,0,F#,Minor,74,35,73,0,0,21,5
Take My Breath,The Weeknd,1,2021,8,6,2597,0,130655803.0,17,80,38,0,0,A#,Minor,70,35,77,1,0,26,4
Best Friends,The Weeknd,1,2022,1,7,1292,0,101114984.0,3,18,14,0,0,E,Minor,49,49,59,44,0,35,21
Kiss Me More (feat. SZA),"SZA, Doja Cat",2,2021,4,9,15867,0,1575467011.0,382,65,497,0,12,G#,Major,77,74,66,30,0,13,3
I Heard You're Married (feat. Lil Wayne),"The Weeknd, Lil Wayne",2,2022,1,7,1178,0,91656026.0,9,10,9,0,0,D,Major,75,85,84,10,0,31,19
One Right Now (with The Weeknd),"The Weeknd, Post Malone",2,2021,11,5,4771,0,539595276.0,68,18,75,0,1,C#,Major,68,72,78,4,0,7,5
Mon Amour - Remix,"Aitana, zzoilo",2,2020,9,21,3221,2,578207856.0,67,13,139,0,40,D,Major,75,36,76,12,0,10,10
The Motto,"Tiï¿½ï¿½sto, Ava",2,2021,11,4,9151,6,656013912.0,240,107,268,0,5,G,Minor,75,46,76,3,0,9,4
Malvadï¿½ï¿,"Xamï¿½ï¿½, Gustah, Neo B",3,2021,11,30,648,1,240684449.0,14,3,81,0,0,F#,Minor,82,52,61,38,0,14,27
Donï¿½ï¿½ï¿½t Break My,The Weeknd,1,2022,1,7,1184,0,63803529.0,1,5,6,0,0,A#,Major,77,25,62,34,0,23,3
Entre Nosotros (Remix) [con Nicki Nicole],"Lit Killah, Maria Becerra, Tiago pzk, NICKI NICOLE",4,2022,1,5,759,3,236940480.0,32,0,12,0,0,F,Minor,70,61,44,40,0,37,4
A Tale By Quincy,The Weeknd,1,2022,1,7,733,0,41924466.0,0,2,2,0,0,F,Minor,46,55,50,71,0,10,11
Medallo,"Justin Quiles, Lenny Tavï¿½ï¿½rez, BL",3,2021,10,27,2780,2,393230256.0,54,21,57,1,0,E,Minor,79,79,70,57,0,66,8
It'll Be Okay,Shawn Mendes,1,2021,12,1,1950,0,287201015.0,56,8,104,0,10,G,Major,40,7,29,62,0,9,3
Softcore,The Neighbourhood,1,2018,3,9,3947,12,599770206.0,33,102,93,0,30,D,Major,57,36,58,5,0,15,3
Super Gremlin,Kodak Black,1,2021,10,30,2551,0,342779426.0,52,15,35,0,1,D,Major,83,11,41,0,0,36,14
Volvï¿,"Aventura, Bad Bunny",2,2021,8,3,5375,10,673801126.0,138,24,133,0,1,C#,Major,73,79,86,42,0,7,18
Todo De Ti,Rauw Alejandro,1,2020,11,2,11975,8,1168642797.0,188,75,268,6,16,D#,Minor,81,57,63,40,1,10,4
Smokin Out The Window,"Bruno Mars, Anderson .Paak, Silk Sonic",3,2021,11,5,4963,0,383550148.0,63,40,76,0,0,D,Major,63,85,62,6,0,35,4
Meet Me At Our Spot,"THE ANXIETY, Willow, Tyler Cole",3,2020,3,13,6734,0,530511203.0,47,14,90,0,1,D,Major,77,40,47,2,0,9,3
Tacones Rojos,Sebastian Yatra,1,2021,10,22,3047,9,510876816.0,77,31,85,5,28,B,Minor,75,93,86,8,0,14,3
Sad Girlz Luv Money Remix (feat. Kali Uchis),"Kali Uchis, Amaarae, Moliy",3,2021,9,16,3643,0,354065229.0,69,3,70,0,3,C#,Minor,86,31,53,43,0,11,6
deja vu,Olivia Rodrigo,1,2021,4,1,7545,4,1256880657.0,117,39,141,0,46,A,Major,44,22,60,61,0,42,9
Salimo de Noche,"Trueno, Tiago pzk",2,2021,10,21,1057,0,261414174.0,17,5,21,0,0,D,Major,67,78,63,29,0,12,5
Volando - Remix,"Sech, Bad Bunny, Mora",3,2021,7,8,3272,19,610045621.0,101,34,70,1,2,F#,Major,66,63,69,21,0,11,7
Leave The Door Open,"Bruno Mars, Anderson .Paak, Silk Sonic",3,2021,3,5,14417,0,1115880852.0,237,123,569,0,10,F,Major,59,72,62,18,0,9,3
Don't Be Shy,"Tiï¿½ï¿½sto, Kar",2,2021,8,1,6026,0,566954746.0,171,51,187,1,21,B,Minor,77,51,79,20,0,26,6
Phantom Regret by Jim,The Weeknd,1,2022,1,7,768,0,31959571.0,1,1,3,0,0,A,Minor,46,23,48,75,30,14,4
Acapulco,Jason Derulo,1,2021,9,1,3098,0,363467642.0,111,5,182,1,0,A#,Major,77,51,79,5,0,16,5
thought i was playing,"21 Savage, Gunna",2,2022,1,7,807,0,60680939.0,3,0,5,0,0,C#,Major,68,29,73,0,0,7,7
What Else Can I Do?,"Stephanie Beatriz, Diane Guerrero",2,2021,11,19,802,0,154797871.0,13,27,8,0,0,E,Major,72,54,71,26,0,10,4
happier,Olivia Rodrigo,1,2021,5,21,3069,4,850608354.0,25,46,105,0,45,F#,Major,39,36,45,81,0,8,13
Praise God,Kanye West,1,2021,8,29,4651,0,376333030.0,24,6,105,0,0,C#,Major,80,21,55,1,0,26,17
Before You Go,Lewis Capaldi,1,2019,11,1,8327,24,1608045237.0,205,130,625,0,25,D#,Major,45,19,60,63,0,9,6
Sky,Playboi Carti,1,2020,12,25,3297,3,506778838.0,25,3,52,0,1,D,Major,79,56,91,26,0,13,21
Sobrio,Maluma,1,2021,7,8,3506,10,513643924.0,103,76,100,1,1,F,Major,76,63,77,14,0,15,22
Peru,"Ed Sheeran, Fireboy DML",2,2021,12,23,2999,0,261286503.0,60,17,154,0,22,G,Minor,96,71,42,57,0,8,9
The Business,Tiï¿½ï¿,1,2020,1,1,14311,0,1062345656.0,255,32,582,0,14,G#,Minor,80,24,62,41,2,11,23
I WANNA BE YOUR SLAVE,Mï¿½ï¿½ne,1,2021,3,19,4873,0,851070493.0,65,88,434,3,13,C#,Major,75,96,61,0,0,18,4
The Feels,TWICE,1,2021,10,1,1150,0,345903614.0,20,99,44,0,2,A,Major,81,92,90,9,0,8,7
2055,Sleepy hallow,1,2021,4,14,2226,0,624515457.0,29,0,44,0,0,F#,Minor,78,65,52,46,0,12,31
Bored,Billie Eilish,1,2017,3,30,4204,0,777765388.0,39,45,250,0,0,G,Major,60,11,33,90,0,8,5
Astronaut In The Ocean,Masked Wolf,1,2019,1,1,7191,0,1138474110.0,146,18,478,0,7,E,Minor,78,47,70,18,0,15,9
Talking To The Moon,Bruno Mars,1,2010,10,4,7109,2,1062956628.0,5,0,862,0,0,C#,Minor,52,7,61,51,0,11,3
you broke me first,Tate McRae,1,2020,4,17,6638,0,1180094974.0,167,19,318,0,1,E,Major,64,8,37,79,0,9,5
Take My Breath,The Weeknd,1,2021,8,6,6392,0,432702334.0,174,73,344,0,0,G#,Major,75,53,74,2,0,11,5
Enemy - from the series Arcane League of Legends,"Imagine Dragons, League of Legends, Arcane",3,2021,10,27,824,0,1223481149.0,8,8,8,2,0,G,Major,73,54,74,23,0,41,23
All of Me,John Legend,1,2013,8,1,27221,0,2086124197.0,308,118,"4,534",2,77,G#,Major,42,33,26,92,0,13,3
Fair Trade (with Travis Scott),"Drake, Travis Scott",2,2021,9,3,5403,6,593917618.0,118,116,96,0,3,C#,Major,67,29,47,5,0,22,26
The Rumbling (TV Size),SiM,1,2022,1,10,254,0,71014967.0,0,4,23,0,0,G#,Major,41,65,88,0,0,26,5
Mr. Brightside,The Killers,1,2003,9,23,51979,15,1806617704.0,306,99,"5,063",2,120,C#,Major,35,24,93,0,0,10,8
Blessed-Cursed,ENHYPEN,1,2022,1,10,246,0,77337771.0,2,12,10,0,0,E,Minor,60,40,89,9,0,60,6
AM Remix,"J Balvin, Nio Garcia, Bad Bunny",3,2021,6,24,6556,0,528544703.0,93,5,67,1,0,F#,Minor,74,79,66,11,0,8,16
Shallow,"Lady Gaga, Bradley Cooper",2,2018,9,27,16636,12,2159346687.0,368,155,"2,854",6,121,G,Major,57,30,40,38,0,26,3
Polaroid Love,ENHYPEN,1,2022,1,10,461,0,211372494.0,10,56,17,0,0,G,Minor,74,65,67,46,0,36,4
Friday (feat. Mufasa & Hypeman) - Dopamine Re-Edit,"Riton, Nightcrawlers, Mufasa & Hypeman, Dopamine",4,2021,1,15,12043,0,863756573.0,209,54,710,0,18,D,Major,82,80,86,1,0,30,13
RAPSTAR,Polo G,1,2021,4,9,4731,0,797402345.0,141,12,78,0,0,F#,Major,79,44,54,41,0,13,24
Memories,Maroon 5,1,2019,9,20,9974,2,1759567999.0,272,67,"1,066",1,19,B,Major,77,60,32,84,0,8,5
Se Le Ve,"Arcangel, De La Ghetto, Justin Quiles, Lenny Tavï¿½ï¿½rez, Sech, Dalex, Dimelo Flow, Rich Music",8,2021,8,12,1560,0,223319934.0,72,0,0,0,0,G,Minor,56,61,76,10,0,14,11
25k jacket (feat. Lil Baby),"Gunna, Lil Baby",2,2022,1,7,620,0,54937991.0,17,3,3,0,0,F,Minor,90,74,54,16,0,13,28
Esqueï¿½ï¿½a-Me Se For C,"Marï¿½ï¿½lia Mendonï¿½ï¿½a, Maiara &",2,2021,10,14,580,0,258316038.0,24,92,93,0,0,F#,Minor,80,62,69,28,0,13,7
MAMIII,"Karol G, Becky G",2,2022,2,10,6809,28,716591492.0,151,102,175,5,29,E,Minor,84,90,70,9,0,14,8
Still D.R.E.,"Dr. Dre, Snoop Dogg",2,1999,1,1,33966,0,1210599487.0,141,78,"6,591",1,0,B,Major,81,53,78,18,0,6,24
City of Gods,"Kanye West, Alicia Keys, Fivio Foreign",3,2022,2,11,2096,0,107255472.0,34,3,30,0,0,G#,Minor,47,50,80,10,0,32,38
Brividi,"Mahmood, Blanco",2,2022,2,2,1175,0,135079152.0,34,1,31,0,0,G,Major,52,44,60,40,0,26,3
Lost,Frank Ocean,1,2012,1,1,29499,11,822239726.0,124,27,587,0,4,A#,Minor,91,49,61,3,0,17,22
In Da Club,50 Cent,1,2002,1,1,30427,7,1202722675.0,235,106,"5,221",1,35,F#,Minor,90,79,71,26,0,7,37
All For Us - from the HBO Original Series Euphoria,"Labrinth, Zendaya",2,2019,8,4,5342,0,426204830.0,33,123,7,0,4,D#,Major,37,17,67,2,0,34,9
Notion,The Rare Occasions,1,2016,8,5,2393,0,421135627.0,22,13,65,0,6,A,Major,31,30,88,7,0,8,8
Formula,Labrinth,1,2019,10,4,3444,7,554875730.0,24,85,102,0,1,B,Major,57,23,66,4,6,15,4
Excuses,"Intense, AP Dhillon, Gurinder Gill",3,2020,7,24,272,4,327498031.0,7,21,2,0,0,F,Minor,84,49,72,8,0,15,8
Forgot About Dre,"Eminem, Dr. Dre",2,1999,1,1,19067,0,675039469.0,78,15,"1,674",0,3,G#,Major,93,61,74,9,0,17,8
Down Under (feat. Colin Hay),"Luude, Colin Hay",2,2021,11,19,3541,2,252871192.0,57,13,50,1,7,B,Minor,31,4,86,1,0,28,17
Mujeriego,Ryan Castro,1,2021,12,17,1492,0,231996128.0,44,63,91,0,24,A,Major,76,92,62,6,0,8,13
HUMBLE.,Kendrick Lamar,1,2017,3,30,33206,1,1929770265.0,284,114,"1,481",0,5,C#,Minor,91,42,60,0,0,9,12
Contection,"GODZZ__-, Zakaria",2,2020,1,16,6955,0,1180896317.0,65,45,398,0,1,A#,Minor,81,83,75,14,0,29,34
Swim,Chase Atlantic,1,2017,10,4,2742,0,498960285.0,5,1,62,0,0,G#,Major,67,8,54,27,0,8,4
Numb Little Bug,Em Beihold,1,2022,1,28,2026,0,258714692.0,47,3,42,12,6,G#,Minor,74,61,52,30,0,26,9
212,"Mainstreet, Chefin",2,2022,1,15,352,0,143139338.0,10,0,39,0,0,D,Minor,79,86,52,66,0,9,7
Problemï¿½,"Alvaro Diaz, Rauw Alejandro",2,2021,10,22,1517,0,209768491.0,42,7,15,0,4,D,Minor,73,37,74,28,0,14,6
Bussin,"Nicki Minaj, Lil Baby",2,2022,2,11,847,0,64714573.0,25,0,14,0,0,B,Major,89,75,70,6,0,13,5
Worst Day,Future,1,2022,2,11,910,0,50746620.0,20,3,24,0,0,C#,Major,65,60,60,11,0,10,40
Hrs and Hrs,Muni Long,1,2021,11,19,1800,0,181328253.0,43,36,46,13,4,G#,Minor,51,66,53,60,0,11,18
Thinking Out Loud,Ed Sheeran,1,2014,1,1,33032,0,2280566092.0,363,129,"3,895",0,28,D,Major,78,58,45,47,0,18,3
Still Don't Know My Name,Labrinth,1,2019,10,4,6332,0,563902868.0,47,116,266,0,0,F,Major,31,31,63,47,27,21,12
Christmas Tree,V,1,2021,12,24,509,9,317622165.0,8,106,6,0,8,F,Major,44,18,38,70,0,12,4
Do We Have A Problem?,"Nicki Minaj, Lil Baby",2,2022,2,4,1064,0,81350745.0,42,1,26,0,0,C#,Minor,84,54,51,47,0,12,40
Forever,Labrinth,1,2019,10,4,3618,0,282883169.0,21,86,138,0,2,E,Minor,56,19,46,92,72,11,3
Seï¿½ï¿½o,"Shawn Mendes, Camila Cabello",2,2019,6,19,15010,2,2484812918.0,453,50,"1,785",1,8,A,Minor,76,77,52,4,0,8,3
NEW MAGIC WAND,"Tyler, The Creator",2,2019,5,16,4708,0,461437791.0,13,7,55,0,1,F,Minor,62,46,73,10,0,67,11
La Santa,"Daddy Yankee, Bad Bunny",2,2020,2,29,4890,20,759208783.0,52,42,100,0,0,C#,Major,74,59,87,3,0,8,5
Something In The Way - Remastered 2021,Nirvana,1,1991,9,24,9514,0,368646862.0,45,27,"1,197",0,43,G#,Major,44,8,20,74,42,11,3
Sweetest Pie,"Dua Lipa, Megan Thee Stallion",2,2022,3,11,3501,0,299634472.0,69,2,51,11,0,G,Major,81,68,63,17,0,10,22
Una Noche en Medellï¿½,Cris Mj,1,2022,1,21,5415,32,682475162.0,46,16,53,1,2,A#,Minor,87,82,53,10,0,5,8
Envolver,Anitta,1,2021,11,11,4673,2,546191065.0,123,113,180,1,4,E,Minor,81,40,73,15,0,9,8
Starlight,Dave,1,2022,3,3,1856,3,229473310.0,29,40,31,1,1,G,Major,95,36,37,35,0,10,28
Hati-Hati di Jalan,Tulus,1,2022,3,3,200,2,202677468.0,12,4,0,0,0,F#,Major,64,76,44,70,9,12,4
DANï¿½ï¿½A,"Mc Pedrinho, Pedro Sampaio",2,2022,2,1,911,2,208166039.0,45,0,99,1,1,A,Minor,78,55,57,4,0,10,8
"Residente: Bzrp Music Sessions, Vol. 49","Residente, Bizarrap",2,2022,3,3,461,0,94616487.0,7,11,13,0,0,C#,Minor,59,70,74,56,0,11,40
Jordan,Ryan Castro,1,2021,4,30,2844,2,394030335.0,29,2,35,1,0,A#,Minor,80,71,68,6,0,10,37
Nail Tech,Jack Harlow,1,2022,2,18,2939,0,193443895.0,42,0,24,0,0,E,Minor,65,11,58,0,0,12,9
Chale,Eden Muï¿½ï,1,2022,2,18,695,11,299648208.0,16,41,13,1,1,G#,Major,55,86,44,40,0,7,4
Freaky Deaky,"Tyga, Doja Cat",2,2022,2,25,1729,0,153240879.0,26,1,19,0,0,D,Minor,80,24,65,2,0,9,4
Levitating,Dua Lipa,1,2020,3,27,9833,0,797196073.0,233,82,531,1,1,F#,Minor,69,90,88,5,0,29,8
"jealousy, jealousy",Olivia Rodrigo,1,2021,5,21,3257,0,665765558.0,10,0,70,0,0,A#,Minor,70,71,58,24,0,7,13
Monï¿½ï¿½y so,YEAT,1,2021,9,10,1473,0,263779030.0,2,0,12,0,10,D,Major,69,35,57,12,0,10,9
Demasiadas Mujeres,C. Tangana,1,2020,10,8,2226,0,339473453.0,36,2,11,0,14,A,Minor,67,37,46,13,0,10,39
Something Just Like This,"The Chainsmokers, Coldplay",2,2017,2,22,23375,21,2204080728.0,336,188,"2,692",3,30,B,Minor,61,47,65,3,0,17,4
Tom's Diner,"AnnenMayKantereit, Giant Rooks",2,2019,6,28,2605,0,236872197.0,15,48,50,0,3,F#,Minor,68,33,43,38,0,36,14
X ï¿½ï¿½LTIMA,"Daddy Yankee, Bad Bunny",2,2022,3,25,2697,1,349746291.0,55,3,32,0,0,G,Major,81,59,83,9,0,11,5
When You're Gone,Shawn Mendes,1,2022,3,31,2092,0,255120451.0,75,11,44,0,14,F,Major,60,58,69,2,0,58,4
In My Head,Lil Tjay,1,2022,4,1,1185,0,190981339.0,21,0,31,0,0,C#,Major,68,41,55,16,0,10,12
Wait a Minute!,Willow,1,2015,1,11,11985,0,924193303.0,79,80,250,3,10,D#,Minor,76,63,71,3,0,10,3
LOVE DIVE,IVE,1,2022,4,5,753,8,305771063.0,28,124,13,0,1,C#,Minor,70,54,71,0,0,33,4
Chance,Paulo Londra,1,2022,4,6,225,0,89566512.0,11,0,7,0,0,C#,Minor,72,22,46,24,0,9,6
Cool for the Summer,Demi Lovato,1,2015,1,1,9243,0,677389855.0,155,5,577,0,6,F,Minor,59,30,62,1,0,8,4
psychofreak (feat. WILLOW),"Camila Cabello, Willow",2,2022,4,7,918,0,75476209.0,24,0,52,0,0,G,Minor,63,45,64,34,0,9,8
Vampiro,"Matuï¿½ï¿½, Wiu, ",3,2022,1,30,540,4,187772591.0,26,3,39,0,0,G#,Minor,78,63,64,1,0,7,4
Soy El Unico,Yahritza Y Su Esencia,1,2022,3,25,226,0,126443991.0,5,0,4,0,1,E,Minor,71,63,45,45,0,11,3
sentaDONA (Remix) s2,"Luï¿½ï¿½sa Sonza, MC Frog, Dj Gabriel do Borel, Davi K",4,2022,3,17,870,0,176290831.0,32,0,49,0,0,D#,Minor,93,77,45,25,0,13,27
Falling,Harry Styles,1,2019,12,13,7556,0,1023187129.0,124,24,254,0,8,E,Major,57,6,27,84,0,9,3
MANIAC,Stray Kids,1,2022,3,18,651,0,212234990.0,6,188,20,0,0,C#,Major,58,71,80,15,0,7,41
There's Nothing Holdin' Me Back,Shawn Mendes,1,2016,9,23,12382,0,1714490998.0,229,57,"1,370",2,71,D,Major,86,97,80,36,0,9,6
IDGAF (with blackbear),"Blackbear, BoyWithUke",2,2022,3,18,625,0,197643795.0,10,2,13,0,1,F,Major,78,83,75,41,0,27,8
Golden,Harry Styles,1,2019,12,13,8429,1,807015863.0,85,24,200,0,2,E,Minor,45,25,84,21,0,13,6
Ain't Shit,Doja Cat,1,2021,6,25,3436,0,499710590.0,32,6,46,0,1,D#,Major,86,62,49,51,0,35,21
"Nobody Like U - From ""Turning Red""","Jordan Fisher, Josh Levi, Finneas O'Connell, 4*TOWN (From Disney and Pixarï¿½ï¿½ï¿½s Turning Red), Topher Ngo, Grayson Vill",6,2022,2,25,918,0,120847157.0,34,39,30,0,0,A,Minor,91,73,72,13,0,9,15
Still Life,BIGBANG,1,2022,4,5,181,0,53909146.0,16,14,7,0,0,G#,Major,68,24,58,44,0,6,3
Photograph,Ed Sheeran,1,2014,6,20,18778,3,2236667932.0,228,105,"2,453",0,84,E,Major,61,20,38,61,0,10,5
About Damn Time,Lizzo,1,2022,4,14,9021,0,723894473.0,242,49,272,21,24,A#,Minor,84,72,74,10,0,34,7
Die Hard,"Kendrick Lamar, Blxst, Amanda Reifer",3,2022,5,13,4627,0,237351106.0,38,13,32,0,0,C#,Minor,78,40,74,36,0,17,27
United In Grief,Kendrick Lamar,1,2022,5,13,2575,0,156898322.0,4,5,12,0,51,G#,Major,52,32,83,24,0,17,43
Me Fui de Vacaciones,Bad Bunny,1,2022,5,6,1443,0,305650299.0,9,11,22,1,0,A#,Major,71,43,65,23,0,9,5
Silent Hill,"Kendrick Lamar, Kodak Black",2,2022,5,13,3028,0,123216717.0,22,0,23,0,0,C#,Minor,92,78,57,46,0,14,9
Count Me Out,Kendrick Lamar,1,2022,5,13,2729,0,126191104.0,3,7,13,0,1,G,Major,78,51,43,69,0,14,9
Andrea,"Buscabulla, Bad Bunny",2,2022,5,6,1195,0,344055883.0,8,30,13,1,1,C#,Minor,80,45,62,76,0,10,38
Otro Atardecer,"Bad Bunny, The Marï¿½ï",2,2022,5,6,1681,7,319546754.0,10,30,13,0,33,D,Major,78,55,60,59,0,7,4
Aguacero,Bad Bunny,1,2022,5,6,829,0,283359161.0,4,15,10,0,0,F#,Minor,86,67,65,42,0,35,7
Un Verano Sin Ti,Bad Bunny,1,2022,5,6,1004,1,283332261.0,8,12,9,0,0,F,Minor,50,41,50,69,0,12,6
Ensï¿½ï¿½ï¿½ï¿½ame ,Bad Bunny,1,2022,5,6,1112,3,279737940.0,7,25,12,0,0,G#,Major,81,77,79,19,0,47,8
Callaita,"Bad Bunny, Tainy",2,2019,5,31,9539,15,1304313953.0,162,116,355,7,0,D,Major,61,24,62,60,0,24,31
House Of Memories,Panic! At The Disco,1,2016,1,15,2948,0,582863434.0,10,2,150,0,0,B,Minor,51,48,82,0,0,5,3
Mr. Morale,"Kendrick Lamar, Tanna Leone",2,2022,5,13,1860,0,58687425.0,1,0,3,0,0,A,Major,73,26,54,30,0,34,32
That That (prod. & feat. SUGA of BTS),"PSY, Suga",2,2022,4,29,802,0,212109195.0,16,81,23,0,0,E,Major,91,91,96,3,0,3,9
SUPERMODEL,Mï¿½ï¿½ne,1,2022,5,13,2265,0,231657891.0,93,12,173,11,3,G,Major,64,80,88,0,0,12,6
Thousand Miles,The Kid Laroi,1,2022,4,22,2050,0,244741137.0,52,9,46,0,1,G,Major,38,20,66,9,0,9,8
PUFFIN ON ZOOTIEZ,Future,1,2022,4,29,2350,0,254218729.0,28,42,23,0,0,G#,Major,88,28,66,6,0,13,31
Savior - Interlude,Kendrick Lamar,1,2022,5,13,1194,0,37091576.0,0,0,3,0,0,F,Minor,66,83,43,84,0,19,19
Pasoori,"Shae Gill, Ali Sethi",2,2022,2,6,349,6,284249832.0,10,22,3,0,0,B,Minor,71,67,60,7,0,6,4
Honest (feat. Don Toliver),"Justin Bieber, Don Toliver",2,2022,4,29,1351,0,106919680.0,26,1,17,0,0,G#,Minor,82,82,66,13,0,11,6
SloMo,Chanel,1,2021,12,24,1211,0,65719930.0,31,0,19,0,2,C#,Minor,73,59,81,13,0,9,6
10 Things I Hate About You,Leah Kate,1,2022,3,23,1301,0,185550869.0,23,1,15,0,0,G#,Major,54,45,79,1,0,17,5
SPACE MAN,Sam Ryder,1,2022,2,22,1329,0,54682594.0,42,51,32,0,0,B,Major,47,33,83,18,0,10,5
Iris,The Goo Goo Dolls,1,1998,3,31,13101,9,1284942608.0,137,5,582,0,0,B,Minor,32,49,72,0,0,9,4
San Lucas,Kevin Kaarl,1,2019,11,7,407,1,244891912.0,5,0,5,0,0,G,Major,58,27,36,86,0,9,3
Yet To Come,BTS,1,2022,6,10,829,0,302006641.0,32,110,26,0,0,C#,Major,56,68,89,4,0,33,19
Matilda,Harry Styles,1,2022,5,20,3218,3,366214458.0,29,10,79,0,0,D,Major,51,39,29,90,0,10,4
For Youth,BTS,1,2022,6,10,327,0,114546317.0,5,40,12,0,0,D,Major,63,29,51,43,0,25,4
Vegas (From the Original Motion Picture Soundtrack ELVIS),Doja Cat,1,2022,5,6,4576,0,448500832.0,79,13,93,0,17,G#,Minor,80,74,60,8,0,14,26
Potion (with Dua Lipa & Young Thug),"Calvin Harris, Dua Lipa, Young Thug",3,2022,5,27,3983,0,190625045.0,73,45,119,0,0,B,Minor,82,76,70,16,0,8,5
Born Singer,BTS,1,2022,6,10,279,0,79095270.0,0,18,6,0,0,G#,Minor,60,68,84,4,0,24,11
Pass The Dutchie,Musical Youth,1,1982,1,1,5328,0,195918494.0,54,76,900,0,0,G,Major,73,88,67,20,0,32,5
"Villano Antillano: Bzrp Music Sessions, Vol. 51","Bizarrap, Villano Antillano",2,2022,6,8,1401,0,248511839.0,26,16,17,0,1,C#,Minor,82,42,75,6,0,63,6
Love Of My Life,Harry Styles,1,2022,5,20,1933,0,233671263.0,13,2,31,0,0,G,Major,56,20,54,67,0,6,5
Grapejuice,Harry Styles,1,2022,5,20,1986,0,199587884.0,7,1,15,0,0,F,Major,65,88,72,36,14,20,3
Belly Dancer,"BYOR, Imanbek",2,2022,2,18,5115,13,383835984.0,109,38,301,1,33,C#,Major,85,42,80,6,0,17,14
Die Young (feat. 347aidan),"Sleepy hallow, 347aidan",2,2022,5,25,896,0,160845341.0,19,0,15,0,0,B,Major,81,68,58,83,0,11,34
Me and Your Mama,Childish Gambino,1,2016,11,10,8775,0,445590495.0,33,60,107,1,0,F,Major,56,25,45,1,3,7,3
Crazy What Love Can Do,"David Guetta, Ella Henderson, Becky Hill",3,2022,3,18,5290,0,286739476.0,139,73,142,0,5,E,Minor,60,46,71,3,0,16,4
SLOW DANCING IN THE DARK,Joji,1,2018,9,12,10211,0,1122364376.0,38,79,65,0,1,D#,Major,52,28,48,54,1,19,3
En El Radio Un Cochinero,Victor Cibrian,1,2022,5,13,514,0,164856284.0,5,36,1,0,0,F#,Minor,70,97,62,47,0,10,4
Master of Puppets (Remastered),Metallica,1,1986,3,3,6080,0,704171068.0,112,198,406,1,0,E,Minor,54,59,83,0,44,20,4
ULTRA SOLO REMIX,"De La Ghetto, Feid, Polima WestCoast, Paloma Mami, Pailita",5,2022,6,16,2341,0,279717388.0,37,2,38,2,0,C#,Major,91,59,82,8,0,6,8
Betty (Get Money),Yung Gravy,1,2022,6,10,2402,0,221752937.0,45,2,26,0,1,C#,Major,73,62,75,0,0,34,8
Ojos Marrones,Lasso,1,2022,2,6,795,11,263280370.0,26,18,15,1,4,G#,Minor,81,72,65,4,0,14,4
POP!,Nayeon,1,2022,6,24,571,0,213505179.0,19,21,14,0,2,D,Major,80,36,86,4,0,3,5
Last Last,Burna Boy,1,2022,5,12,4526,12,293466523.0,156,275,150,3,128,D#,Minor,80,55,56,13,0,8,9
Baile no Morro,"Mc Vitin Da Igrejinha, MC Tairon, DJ Win",3,2022,6,10,685,2,129314708.0,17,0,24,0,30,D#,Minor,71,78,40,46,0,7,45
cï¿½ï¿½mo dormi,Rels B,1,2022,8,4,1452,35,331511413.0,16,15,20,0,0,C#,Major,63,56,43,24,0,12,23
STAYING ALIVE (feat. Drake & Lil Baby),"Drake, DJ Khaled, Lil Baby",3,2022,8,5,2107,0,170732845.0,51,1,50,0,0,E,Minor,72,18,46,7,0,28,8
GIVENCHY,Duki,1,2022,7,20,625,4,185236961.0,13,18,12,0,0,G#,Major,61,38,62,14,0,23,40
ALIEN SUPERSTAR,Beyoncï¿,1,2022,7,29,2688,0,171788484.0,39,47,36,0,0,A#,Minor,55,46,64,0,0,17,10
Mary On A Cross,Ghost,1,2019,9,13,2668,2,387080183.0,38,266,78,0,141,B,Major,47,56,90,0,0,10,4
THE SHADE,Rex Orange County,1,2022,3,11,1189,6,244928911.0,17,10,16,0,4,F,Major,90,73,51,39,0,9,6
"Come Back Home - From ""Purple Hearts""",Sofia Carson,1,2022,7,12,367,0,97610446.0,28,67,195,0,0,G,Major,56,43,53,24,0,12,4
JGL,"Luis R Conriquez, La Adictiva",2,2022,2,18,782,9,323455692.0,15,33,6,1,0,G#,Major,70,97,59,55,0,27,12
Forget Me,Lewis Capaldi,1,2022,9,9,2520,4,239411309.0,93,95,84,9,202,C#,Minor,67,72,74,30,0,36,4
Bound 2,Kanye West,1,2013,1,1,19806,7,703301727.0,33,11,274,0,0,C#,Major,37,28,66,14,0,9,5
Talk that Talk,TWICE,1,2022,8,26,615,0,189476119.0,14,77,15,1,2,D#,Minor,77,78,91,14,0,33,12
Ferxxo 100,Feid,1,2022,6,3,1647,30,278920007.0,20,49,23,2,2,G#,Minor,70,58,57,25,0,15,7
Prohibidox,Feid,1,2022,9,13,1473,12,185392587.0,25,36,25,1,0,C#,Minor,65,52,80,5,0,6,25
Sparks,Coldplay,1,2000,7,10,10826,4,624101957.0,24,0,805,0,0,C#,Major,37,17,27,75,5,10,3
Talk,YEAT,1,2022,9,2,920,0,148461629.0,10,1,8,0,0,E,Minor,70,26,76,8,0,54,23
Selfish,PnB Rock,1,2016,6,23,2468,0,380319238.0,15,0,0,0,0,C#,Minor,64,4,60,11,0,19,4
Sin Seï¿½ï,"Ovy On The Drums, Quevedo",2,2022,7,22,1097,2,209106362.0,18,10,13,1,1,B,Minor,82,75,85,33,1,11,4
Lady Mi Amor,Feid,1,2022,9,13,330,0,53987404.0,3,0,2,0,0,D,Major,78,75,62,6,0,15,6
THE LONELIEST,Mï¿½ï¿½ne,1,2022,10,7,1585,5,225093344.0,78,65,328,1,198,D,Major,52,24,60,0,0,8,3
BABY OTAKU,"Fran C, Polima WestCoast, Nickoog Clk, Pablito Pesadilla",4,2022,8,18,836,0,159240673.0,14,1,13,0,0,A,Major,84,43,75,5,0,6,8
Nxde,(G)I-DLE,1,2022,10,17,430,6,170709584.0,14,116,9,0,11,E,Minor,73,65,91,4,0,48,18
we fell in love in october,girl in red,1,2018,11,21,6858,0,723043854.0,31,21,15,0,4,G,Major,57,24,37,11,18,16,3
2 Be Loved (Am I Ready),Lizzo,1,2022,7,14,3682,6,247689123.0,41,0,158,2,68,G,Major,72,92,77,9,0,8,11
California Breeze,Lil Baby,1,2022,10,14,991,0,85559365.0,36,38,13,0,3,F,Minor,74,22,67,0,0,11,46
Major Distribution,"Drake, 21 Savage",2,2022,11,4,1545,0,154863153.0,22,7,15,0,0,G#,Minor,91,23,55,1,0,7,32
Pussy & Millions (feat. Travis Scott),"Drake, Travis Scott, 21 Savage",3,2022,11,4,1930,0,191333656.0,24,8,17,0,1,E,Minor,75,45,63,6,0,35,12
Vigilante Shit,Taylor Swift,1,2022,10,21,1948,0,253650850.0,12,9,16,0,0,E,Minor,80,16,28,17,0,12,39
On BS,"Drake, 21 Savage",2,2022,11,4,1338,0,170413877.0,9,20,7,0,0,A,Major,84,33,36,2,0,39,59
Mastermind,Taylor Swift,1,2022,10,21,1936,0,218320587.0,7,5,13,0,0,E,Major,66,12,35,55,0,9,14
Circo Loco,"Drake, 21 Savage",2,2022,11,4,1794,0,141720999.0,26,9,17,0,3,C#,Major,73,25,61,1,0,32,7
Spin Bout U,"Drake, 21 Savage",2,2022,11,4,1652,2,198365537.0,26,52,10,0,95,G,Major,77,20,70,1,0,16,5
"Would've, Could've, Should've",Taylor Swift,1,2022,10,21,1715,0,177503916.0,4,5,8,0,0,G,Major,48,55,84,43,0,15,12
Con La Brisa,"Ludwig Goransson, Foudeqush",2,2022,11,4,486,0,71095708.0,8,1,7,0,0,D,Minor,62,25,44,51,33,14,3
Privileged Rappers,"Drake, 21 Savage",2,2022,11,4,1007,0,112436403.0,6,5,3,0,0,F,Major,93,62,61,0,0,12,20
The Astronaut,Jin,1,2022,10,28,481,9,203436468.0,10,100,15,1,27,F,Major,54,22,76,0,0,14,3
Broke Boys,"Drake, 21 Savage",2,2022,11,4,1060,0,106249219.0,3,8,5,0,0,D,Major,64,11,53,1,0,25,27
Bigger Than The Whole Sky,Taylor Swift,1,2022,10,21,1180,0,121871870.0,4,0,8,0,0,F#,Major,42,7,24,83,1,12,6
A Veces (feat. Feid),"Feid, Paulo Londra",2,2022,11,3,573,0,73513683.0,2,0,7,0,0,C#,Major,80,81,67,4,0,8,6
En La De Ella,"Feid, Sech, Jhayco",3,2022,10,20,1320,0,133895612.0,29,26,17,0,0,C#,Major,82,67,77,8,0,12,5
